<figma file="VUELAMOVIL">
    <TextNode>
        <base>REGISTRARSE</base>
        <string page="Page 1" frame="Google Pixel 2 - 1" nodeid="1:7" transform="1,0,-286,0,1,147"><font val="Roboto:Regular"/>REGISTRARSE</string>
    </TextNode>
    <TextNode>
        <base>LOG IN</base>
        <string page="Page 1" frame="Google Pixel 2 - 1" nodeid="1:8" transform="1,0,-297,0,1,237"><font val="Roboto:Regular"/>LOG IN</string>
    </TextNode>
    <TextNode>
        <base>VUELA MOVIL</base>
        <string page="Page 1" frame="Google Pixel 2 - 1" nodeid="1:11" transform="1,0,-336,0,1,-271"><font val="Roboto:Regular"/>VUELA MOVIL</string>
    </TextNode>
    <TextNode>
        <base>Name</base>
        <string page="Page 1" frame="Google Pixel 2 - 2" nodeid="2:23" transform="1,0,400,0,1,-148"><font val="Roboto:Regular"/>Name</string>
    </TextNode>
    <TextNode>
        <base>Email</base>
        <string page="Page 1" frame="Google Pixel 2 - 2" nodeid="2:26" transform="1,0,400,0,1,118"><font val="Roboto:Regular"/>Email</string>
    </TextNode>
    <TextNode>
        <base>Contraseña</base>
        <string page="Page 1" frame="Google Pixel 2 - 2" nodeid="2:24" transform="1,0,404,0,1,-68"><font val="Roboto:Regular"/>Contraseña</string>
    </TextNode>
    <TextNode>
        <base>Repetir Contraseña</base>
        <string page="Page 1" frame="Google Pixel 2 - 2" nodeid="2:25" transform="1,0,400,0,1,31"><font val="Roboto:Regular"/>Repetir Contraseña</string>
    </TextNode>
    <TextNode>
        <base>Registrar Usuario Nuevo</base>
        <string page="Page 1" frame="Google Pixel 2 - 3" nodeid="2:59" transform="1,0,296,0,1,900"><font val="Roboto:Regular"/>Registrar Usuario Nuevo</string>
    </TextNode>
    <TextNode>
        <base>¿olvido su Contraseña?</base>
        <string page="Page 1" frame="Google Pixel 2 - 3" nodeid="2:60" transform="1,0,475,0,1,900"><font val="Roboto:Regular"/>¿olvido su Contraseña?</string>
    </TextNode>
</figma>